{"10_5": {"arctern": {"within.txt": 0.42693557739257815, "length.txt": 0.10039067268371582, "contains.txt": 0.4454012870788574, "geom_from_geojson.txt": 0.33188328742980955, "to_wkt().txt": 0.31079931259155275, "polygon_from_envelope.txt": 0.8253806114196778, "centroid.txt": 0.2323657512664795, "curve_to_line.txt": 8.263268089294433, "npoints.txt": 0.036028051376342775, "crosses.txt": 1.1206777572631836, "point.txt": 0.015366125106811523, "area.txt": 0.1104966640472412, "to_crs.txt": 0.24714441299438478, "geometry_type.txt": 0.034232044219970705, "convex_hull.txt": 0.30230135917663575, "envelope_aggr.txt": 3.54766845703125e-05, "is_valid.txt": 0.4123659133911133, "distance.txt": 0.1435922622680664, "overlaps.txt": 1.116884136199951, "union_aggr.txt": 3.337860107421875e-05, "is_simple.txt": 0.3192159652709961, "intersection.txt": 2.032399368286133, "envelope.txt": 0.13141264915466308, "geom_equals.txt": 0.69254469871521, "intersects.txt": 1.0545356273651123, "make_valid.txt": 3.6716461181640625e-05, "hausdorff_distance.txt": 0.3069296360015869, "simplify_preserve_topology.txt": 0.6275450229644776, "touches.txt": 1.1049839019775392, "buffer.txt": 19.301906251907347}, "geopandas": {"within.txt": 4.341593503952026, "length.txt": 0.13377666473388672, "contains.txt": 2.194203090667725, "geom_from_geojson.txt": 0, "to_wkt().txt": 5.9270858764648436e-05, "polygon_from_envelope.txt": 0, "centroid.txt": 0.7088953018188476, "curve_to_line.txt": 0, "npoints.txt": 5.598068237304688e-05, "crosses.txt": 6.888634967803955, "point.txt": 0, "area.txt": 0.14959588050842285, "to_crs.txt": 2.5127020835876466, "geometry_type.txt": 0.07026896476745606, "convex_hull.txt": 1.488378143310547, "envelope_aggr.txt": 5.888938903808594e-05, "is_valid.txt": 4.379690647125244, "distance.txt": 0.6882643222808837, "overlaps.txt": 6.894655513763428, "union_aggr.txt": 6.1798095703125e-05, "is_simple.txt": 3.978236436843872, "intersection.txt": 14.88881344795227, "envelope.txt": 0.919659948348999, "geom_equals.txt": 0.4007772445678711, "intersects.txt": 6.873964929580689, "make_valid.txt": 5.8078765869140624e-05, "hausdorff_distance.txt": 6.651878356933594e-05, "simplify_preserve_topology.txt": 6.237882041931153, "touches.txt": 6.857390022277832, "buffer.txt": 18.31904854774475}}, "10_6": {"arctern": {"within.txt": 4.33905291557312, "length.txt": 0.26140785217285156, "contains.txt": 4.444275617599487, "geom_from_geojson.txt": 3.343796730041504, "to_wkt().txt": 3.162406086921692, "polygon_from_envelope.txt": 8.482228517532349, "centroid.txt": 2.4507217407226562, "curve_to_line.txt": 84.68753933906555, "npoints.txt": 0.35994768142700195, "crosses.txt": 11.116811275482178, "point.txt": 0.15311837196350098, "area.txt": 0.30740106105804443, "to_crs.txt": 2.42305588722229, "geometry_type.txt": 0.3391764163970947, "convex_hull.txt": 2.9853129386901855, "envelope_aggr.txt": 3.266334533691406e-05, "is_valid.txt": 4.272975206375122, "distance.txt": 1.4579074382781982, "overlaps.txt": 11.007188081741333, "union_aggr.txt": 3.1828880310058594e-05, "is_simple.txt": 3.250736713409424, "intersection.txt": 22.77051329612732, "envelope.txt": 0.5354020595550537, "geom_equals.txt": 6.8476996421813965, "intersects.txt": 10.462351083755493, "make_valid.txt": 3.170967102050781e-05, "hausdorff_distance.txt": 3.1098625659942627, "simplify_preserve_topology.txt": 6.074380159378052, "touches.txt": 11.629882574081421, "buffer.txt": 190.67636966705322}, "geopandas": {"within.txt": 43.36494183540344, "length.txt": 1.2838172912597656, "contains.txt": 21.893474817276, "geom_from_geojson.txt": 0, "to_wkt().txt": 6.365776062011719e-05, "polygon_from_envelope.txt": 0, "centroid.txt": 6.8570556640625, "curve_to_line.txt": 0, "npoints.txt": 6.29425048828125e-05, "crosses.txt": 69.12842273712158, "point.txt": 0, "area.txt": 1.4566986560821533, "to_crs.txt": 25.91019594669342, "geometry_type.txt": 0.676171064376831, "convex_hull.txt": 15.481660604476929, "envelope_aggr.txt": 6.306171417236328e-05, "is_valid.txt": 43.464338064193726, "distance.txt": 6.90652060508728, "overlaps.txt": 67.55127787590027, "union_aggr.txt": 6.0677528381347656e-05, "is_simple.txt": 41.22564136981964, "intersection.txt": 148.79669666290283, "envelope.txt": 9.207575678825378, "geom_equals.txt": 3.90437650680542, "intersects.txt": 67.0109338760376, "make_valid.txt": 5.888938903808594e-05, "hausdorff_distance.txt": 6.699562072753906e-05, "simplify_preserve_topology.txt": 62.02395582199097, "touches.txt": 68.04278206825256, "buffer.txt": 183.57421565055847}}, "10_3": {"arctern": {"within.txt": 0.0048614501953125, "length.txt": 0.08474836349487305, "contains.txt": 0.004758501052856445, "geom_from_geojson.txt": 0.008378124237060547, "to_wkt().txt": 0.0033533573150634766, "polygon_from_envelope.txt": 0.009557628631591797, "centroid.txt": 0.0026978969573974608, "curve_to_line.txt": 0.08610167503356933, "npoints.txt": 0.0005649089813232422, "crosses.txt": 0.011286020278930664, "point.txt": 0.001062488555908203, "area.txt": 0.08531632423400878, "to_crs.txt": 0.0070465087890625, "geometry_type.txt": 0.0005567073822021484, "convex_hull.txt": 0.0034354209899902345, "envelope_aggr.txt": 2.0742416381835938e-05, "is_valid.txt": 0.004614353179931641, "distance.txt": 0.0017035484313964843, "overlaps.txt": 0.011326169967651368, "union_aggr.txt": 2.9468536376953124e-05, "is_simple.txt": 0.0035376548767089844, "intersection.txt": 0.01951422691345215, "envelope.txt": 0.0698094367980957, "geom_equals.txt": 0.007602214813232422, "intersects.txt": 0.010602140426635742, "make_valid.txt": 2.5653839111328124e-05, "hausdorff_distance.txt": 0.0033272266387939452, "simplify_preserve_topology.txt": 0.006644582748413086, "touches.txt": 0.011317157745361328, "buffer.txt": 0.19597964286804198}, "geopandas": {"within.txt": 0.04488582611083984, "length.txt": 0.001754426956176758, "contains.txt": 0.022272872924804687, "geom_from_geojson.txt": 0, "to_wkt().txt": 4.76837158203125e-05, "polygon_from_envelope.txt": 0, "centroid.txt": 0.006883144378662109, "curve_to_line.txt": 0, "npoints.txt": 4.7779083251953126e-05, "crosses.txt": 0.0687753677368164, "point.txt": 0, "area.txt": 0.0015765190124511718, "to_crs.txt": 0.06096563339233398, "geometry_type.txt": 0.0007732868194580078, "convex_hull.txt": 0.01436767578125, "envelope_aggr.txt": 4.553794860839844e-05, "is_valid.txt": 0.04409027099609375, "distance.txt": 0.0075724124908447266, "overlaps.txt": 0.0688654899597168, "union_aggr.txt": 4.606246948242187e-05, "is_simple.txt": 0.040955972671508786, "intersection.txt": 0.14964609146118163, "envelope.txt": 0.009387922286987305, "geom_equals.txt": 0.004361867904663086, "intersects.txt": 0.06819777488708496, "make_valid.txt": 4.5013427734375e-05, "hausdorff_distance.txt": 5.464553833007812e-05, "simplify_preserve_topology.txt": 0.06271753311157227, "touches.txt": 0.06874785423278809, "buffer.txt": 0.18462820053100587}}, "10_4": {"arctern": {"within.txt": 0.043822097778320315, "length.txt": 0.08783860206604004, "contains.txt": 0.04399609565734863, "geom_from_geojson.txt": 0.03828120231628418, "to_wkt().txt": 0.03202943801879883, "polygon_from_envelope.txt": 0.08510074615478516, "centroid.txt": 0.02331228256225586, "curve_to_line.txt": 0.8213687419891358, "npoints.txt": 0.003785848617553711, "crosses.txt": 0.10977473258972167, "point.txt": 0.002257108688354492, "area.txt": 0.0855647087097168, "to_crs.txt": 0.029126453399658202, "geometry_type.txt": 0.0035445690155029297, "convex_hull.txt": 0.030942487716674804, "envelope_aggr.txt": 2.7704238891601563e-05, "is_valid.txt": 0.041154909133911136, "distance.txt": 0.014159393310546876, "overlaps.txt": 0.10966033935546875, "union_aggr.txt": 2.5510787963867188e-05, "is_simple.txt": 0.03172750473022461, "intersection.txt": 0.1786111831665039, "envelope.txt": 0.07830867767333985, "geom_equals.txt": 0.06946010589599609, "intersects.txt": 0.10442638397216797, "make_valid.txt": 2.6035308837890626e-05, "hausdorff_distance.txt": 0.031008338928222655,