{"10_5": {"arctern": {"within": 0.42693557739257815, "length": 0.10039067268371582, "contains": 0.4454012870788574, "geom_from_geojson": 0.33188328742980955, "to_wkt()": 0.31079931259155275, "polygon_from_envelope": 0.8253806114196778, "centroid": 0.2323657512664795, "curve_to_line": 8.263268089294433, "npoints": 0.036028051376342775, "crosses": 1.1206777572631836, "point": 0.015366125106811523, "area": 0.1104966640472412, "to_crs": 0.24714441299438478, "geometry_type": 0.034232044219970705, "convex_hull": 0.30230135917663575, "envelope_aggr": 3.54766845703125e-05, "is_valid": 0.4123659133911133, "distance": 0.1435922622680664, "overlaps": 1.116884136199951, "union_aggr": 3.337860107421875e-05, "is_simple": 0.3192159652709961, "intersection": 2.032399368286133, "envelope": 0.13141264915466308, "geom_equals": 0.69254469871521, "intersects": 1.0545356273651123, "make_valid": 3.6716461181640625e-05, "hausdorff_distance": 0.3069296360015869, "simplify_preserve_topology": 0.6275450229644776, "touches": 1.1049839019775392, "buffer": 19.301906251907347}, "geopandas": {"within": 4.341593503952026, "length": 0.13377666473388672, "contains": 2.194203090667725, "geom_from_geojson": 0, "to_wkt()": 0, "polygon_from_envelope": 0, "centroid": 0.7088953018188476, "curve_to_line": 0, "npoints": 0, "crosses": 6.888634967803955, "point": 0, "area": 0.14959588050842285, "to_crs": 2.5127020835876466, "geometry_type": 0.07026896476745606, "convex_hull": 1.488378143310547, "envelope_aggr": 0, "is_valid": 4.379690647125244, "distance": 0.6882643222808837, "overlaps": 6.894655513763428, "union_aggr": 0, "is_simple": 3.978236436843872, "intersection": 14.88881344795227, "envelope": 0.919659948348999, "geom_equals": 0.4007772445678711, "intersects": 6.873964929580689, "make_valid": 0, "hausdorff_distance": 0, "simplify_preserve_topology": 6.237882041931153, "touches": 6.857390022277832, "buffer": 18.31904854774475}}, "10_6": {"arctern": {"within": 4.382534313201904, "length": 0.25112323760986327, "contains": 4.480220985412598, "geom_from_geojson": 3.4544070243835447, "to_wkt()": 3.3886547565460203, "polygon_from_envelope": 8.458805704116822, "centroid": 2.4336546421051026, "curve_to_line": 85.93555355072021, "npoints": 0.35789952278137205, "crosses": 11.852461338043213, "point": 0.15322461128234863, "area": 0.3377058982849121, "to_crs": 2.7606446743011475, "geometry_type": 0.34595699310302735, "convex_hull": 3.577786016464233, "envelope_aggr": 3.2854080200195315e-05, "is_valid": 4.740011405944824, "distance": 1.4769627094268798, "overlaps": 11.174294567108154, "union_aggr": 3.2281875610351564e-05, "is_simple": 3.3345949172973635, "intersection": 23.191432857513426, "envelope": 0.548408842086792, "geom_equals": 6.9648271083831785, "intersects": 10.860615634918213, "make_valid": 3.247261047363281e-05, "hausdorff_distance": 3.101776647567749, "simplify_preserve_topology": 6.634458255767822, "touches": 11.712292003631593, "buffer": 201.0603042602539}, "geopandas": {"within": 44.15844902992249, "length": 1.3365545749664307, "contains": 21.794351243972777, "geom_from_geojson": 0, "to_wkt()": 0, "polygon_from_envelope": 0, "centroid": 7.448831367492676, "curve_to_line": 0, "npoints": 0, "crosses": 70.79458956718445, "point": 0, "area": 1.4994840145111084, "to_crs": 27.149285745620727, "geometry_type": 0.6838473320007324, "convex_hull": 16.31562829017639, "envelope_aggr": 0, "is_valid": 46.32810425758362, "distance": 7.429804754257202, "overlaps": 68.87452998161316, "union_aggr": 0, "is_simple": 41.287127828598024, "intersection": 151.77577157020568, "envelope": 9.724696350097656, "geom_equals": 4.219760847091675, "intersects": 68.38213515281677, "make_valid": 0, "hausdorff_distance": 0, "simplify_preserve_topology": 65.35936517715454, "touches": 70.93713035583497, "buffer": 191.48743934631347}}, "10_7": {"arctern": {"within": 0, "length": 0, "contains": 0, "geom_from_geojson": 0, "to_wkt()": 0, "polygon_from_envelope": 0, "centroid": 0, "curve_to_line": 0, "npoints": 0, "crosses": 0, "point": 0, "area": 0, "to_crs": 0, "geometry_type": 0, "convex_hull": 0, "envelope_aggr": 0, "is_valid": 0, "distance": 0, "overlaps": 0, "union_aggr": 0, "is_simple": 0, "intersection": 0, "envelope": 0, "geom_equals": 0, "intersects": 0, "make_valid": 0, "hausdorff_distance": 0, "simplify_preserve_topology": 0, "touches": 0, "buffer": 0}, "geopandas": {"within": 0, "length": 0, "contains": 0, "geom_from_geojson": 0, "to_wkt()": 0, "polygon_from_envelope": 0, "centroid": 0, "curve_to_line": 0, "npoints": 0, "crosses": 0, "point": 0, "area": 0, "to_crs": 0, "geometry_type": 0, "convex_hull": 0, "envelope_aggr": 0, "is_valid": 0, "distance": 0, "overlaps": 0, "union_aggr": 0, "is_simple": 0, "intersection": 0, "envelope": 0, "geom_equals": 0, "intersects": 0, "make_valid": 0, "hausdorff_distance": 0, "simplify_preserve_topology": 0, "touches": 0, "buffer": 0}}, "10_3": {"arctern": {"within": 0.0048614501953125, "length": 0.08474836349487305, "contains": 0.004758501052856445, "geom_from_geojson": 0.008378124237060547, "to_wkt()": 0.0033533573150634766, "polygon_from_envelope": 0.009557628631591797, "centroid": 0.0026978969573974608, "curve_to_line": 0.08610167503356933, "npoints": 0.0005649089813232422, "crosses": 0.011286020278930664, "point": 0.001062488555908203, "area": 0.08531632423400878, "to_crs": 0.0070465087890625, "geometry_type": 0.0005567073822021484, "convex_hull": 0.0034354209899902345, "envelope_aggr": 2.0742416381835938e-05, "is_valid": 0.004614353179931641, "distance": 0.0017035484313964843, "overlaps": 0.011326169967651368, "union_aggr": 2.9468536376953124e-05, "is_simple": 0.0035376548767089844, "intersection": 0.01951422691345215, "envelope": 0.0698094367980957, "geom_equals": 0.007602214813232422, "intersects": 0.010602140426635742, "make_valid": 2.5653839111328124e-05, "hausdorff_distance": 0.0033272266387939452, "simplify_preserve_topology": 0.006644582748413086, "touches": 0.011317157745361328, "buffer": 0.19597964286804198}, "geopandas": {"within": 0.04488582611083984, "length": 0.001754426956176758, "contains": 0.022272872924804687, "geom_from_geojson": 0, "to_wkt()": 0, "polygon_from_envelope": 0, "centroid": 0.006883144378662109, "curve_to_line": 0, "npoints": 0, "crosses": 0.0687753677368164, "point": 0, "area": 0.0015765190124511718, "to_crs": 0.06096563339233398, "geometry_type": 0.0007732868194580078, "convex_hull": 0.01436767578125, "envelope_aggr": 0, "is_valid": 0.04409027099609375, "distance": 0.0075724124908447266, "overlaps": 0.0688654899597168, "union_aggr": 0, "is_simple": 0.040955972671508786, "intersection": 0.14964609146118163, "envelope": 0.009387922286987305, "geom_equals": 0.004361867904663086, "intersects": 0.06819777488708496, "make_valid": 0, "hausdorff_distance": 0, "simplify_preserve_topology": 0.06271753311157227, "touches": 0.06874785423278809, "buffer": 0.18462820053100587}}, "10_4": {"arctern": {"within": 0.043822097778320315, "length": 0.08783860206604004, "contains": 0.04399609565734863, "geom_from_geojson": 0.03828120231628418, "to_wkt()": 0.03202943801879883, "polygon_from_envelope": 0.08510074615478516, "centroid": 0.02331228256225586, "curve_to_line": 0.8213687419891358, "npoints": 0.003785848617553711, "crosses": 0.10977473258972167, "point": 0.002257108688354492, "area": 0.0855647087097168, "to_crs": 0.029126453399658202, "geometry_type": 0.0035445690155029297, "convex_hull": 0.030942487716674804, "envelope_aggr": 2.7704238891601563e-05, "is_valid": 0.041154909133911136, "distance": 0.014159393310546876, "overlaps": 0.10966033935546875, "union_aggr": 2.5510787963867188e-05, "is_simple": 0.03172750473022461, "intersection": 0.1786111831665039, "envelope": 0.07830867767333985, "geom_equals": 0.06946010589599609, "intersects": 0.10442638397216797, "make_valid": 2.6035308837890626e-05, "hausdorff_distance": 0.031008338928222655, "simplify_preserve_topology": 0.06184072494506836, "touches": 0.10925326347351075, "buffer": 1.9298197269439696},