{"10_5": {"arctern": {"within": 0.4477996826171875, "length": 0.10560188293457032, "contains": 0.4488224029541016, "geom_from_geojson": 0.33454117774963377, "to_wkt()": 0.31476478576660155, "polygon_from_envelope": 0.8346989631652832, "centroid": 0.2338325023651123, "curve_to_line": 8.412138223648071, "npoints": 0.03543848991394043, "crosses": 1.1193209171295166, "point": 0.015223026275634766, "area": 0.11558170318603515, "to_crs": 0.25348766644795734, "geometry_type": 0.03441081047058105, "convex_hull": 0.30793447494506837, "envelope_aggr": 0.02584099769592285, "is_valid": 0.41799120903015136, "distance": 0.14058542251586914, "overlaps": 1.116056776046753, "union_aggr": 5.0196929454803465, "is_simple": 0.33333059151967365, "intersection": 2.094077396392822, "envelope": 0.1297677516937256, "geom_equals": 0.6954855918884277, "intersects": 1.0571969985961913, "make_valid": 0.434641170501709, "hausdorff_distance": 0.3040431022644043, "simplify_preserve_topology": 0.6277077674865723, "touches": 1.1091368198394775, "buffer": 20.07411217689514}, "geopandas": {"within": 4.36709189414978, "length": 0.13361163139343263, "contains": 2.1682425022125242, "centroid": 0.7101057529449463, "crosses": 6.862183094024658, "area": 0.1433438777923584, "to_crs": 2.625453313191732, "geometry_type": 0.0705678939819336, "convex_hull": 1.4968599796295166, "is_valid": 4.423865699768067, "distance": 0.6945412635803223, "overlaps": 6.818485832214355, "is_simple": 4.0466233253479, "intersection": 14.962442111968993, "envelope": 0.9299557685852051, "geom_equals": 0.40181469917297363, "intersects": 6.820508766174316, "simplify_preserve_topology": 6.307310628890991, "touches": 6.868772172927857, "buffer": 21.2423056602478}}, "10_8": {"arctern": {"length": 17.963321590423583, "geom_from_geojson": 318.8977486133575, "centroid": 231.70827379226685, "npoints": 37.64207510948181, "point": 14.708497142791748, "area": 24.98391628265381, "to_crs": 238.7318965911865, "geometry_type": 37.792332887649536, "convex_hull": 304.43243207931516, "is_valid": 406.2638298034668, "distance": 145.75140681266785, "hausdorff_distance": 298.1690007686615, "simplify_preserve_topology": 600.532841539383}, "geopandas": {}}, "10_6": {"arctern": {"within": 4.352070617675781, "length": 0.2497786521911621, "contains": 4.409535884857178, "geom_from_geojson": 3.32113094329834, "to_wkt()": 3.120489740371704, "polygon_from_envelope": 8.220957136154174, "centroid": 2.3245816230773926, "curve_to_line": 82.947181224823, "npoints": 0.35521755218505857, "crosses": 11.12924304008484, "point": 0.14918603897094726, "area": 0.30796375274658205, "to_crs": 2.4554263591766357, "geometry_type": 0.34324917793273924, "convex_hull": 3.0689393520355224, "envelope_aggr": 0.2422095775604248, "is_valid": 4.1416784763336185, "distance": 1.3869507789611817, "overlaps": 11.162062406539917, "union_aggr": 50.51901655197143, "is_simple": 3.223126268386841, "intersection": 22.760397481918336, "envelope": 0.5363549709320068, "geom_equals": 6.899185848236084, "intersects": 10.509691047668458, "make_valid": 4.352359580993652, "hausdorff_distance": 3.044291687011719, "simplify_preserve_topology": 6.259073925018311, "touches": 11.112341022491455, "buffer": 193.42937088012695}, "geopandas": {"within": 43.253246021270755, "length": 1.3190640926361084, "contains": 21.40670347213745, "centroid": 6.9396562576293945, "crosses": 67.96659421920776, "area": 1.4711416721343995, "to_crs": 25.153548288345338, "geometry_type": 0.6951826095581055, "convex_hull": 14.742542552947999, "is_valid": 43.08338508605957, "distance": 6.797159719467163, "overlaps": 67.70446305274963, "is_simple": 39.55230975151062, "intersection": 147.1922137260437, "envelope": 9.17464895248413, "geom_equals": 3.9115646839141847, "intersects": 68.07595787048339, "simplify_preserve_topology": 62.137931442260744, "touches": 67.7542082309723, "buffer": 207.77301994959512}}, "10_7": {"arctern": {"within": 44.554545640945435, "length": 2.0266435623168944, "contains": 43.33538656234741, "geom_from_geojson": 31.806400346755982, "to_wkt()": 30.93566436767578, "polygon_from_envelope": 80.7057207584381, "centroid": 23.193178510665895, "npoints": 3.8357646465301514, "crosses": 107.61451506614685, "point": 1.453570556640625, "area": 2.6315922260284426, "to_crs": 24.2409414768219, "geometry_type": 3.8217031002044677, "convex_hull": 31.265266752243043, "is_valid": 39.89120450019836, "distance": 13.679706859588624, "overlaps": 107.559290599823, "is_simple": 32.13597664833069, "intersection": 176.58082704544069, "envelope": 4.795748138427735, "geom_equals": 66.86425318717957, "intersects": 102.10734248161316, "make_valid": 44.156832695007324, "hausdorff_distance": 29.7577663898468, "simplify_preserve_topology": 60.15087857246399, "touches": 107.72078623771668}, "geopandas": {"within": 425.99026282628375, "length": 13.374344968795777, "contains": 212.79679608345032, "centroid": 69.0974527835846, "crosses": 669.7811799049377, "area": 14.095823812484742, "to_crs": 244.12992758750914, "geometry_type": 6.754890251159668, "convex_hull": 145.40883741378784, "is_valid": 432.21008400917054, "distance": 66.26665556430817, "overlaps": 675.624964594841, "is_simple": 389.0981718063355, "intersection": 1469.963832974434, "envelope": 89.78164892196655, "geom_equals": 39.75313299894333, "intersects": 675.5283648967743, "simplify_preserve_topology": 614.4652893543243, "touches": 667.8095587491989}}, "10_3": {"arctern": {"within": 0.004832792282104492, "length": 0.10769848823547364, "contains": 0.004748201370239258, "geom_from_geojson": 0.008479881286621093, "to_wkt()": 0.0039504051208496095, "polygon_from_envelope": 0.00944347381591797, "centroid": 0.002709770202636719, "curve_to_line": 0.08413105010986328, "npoints": 0.0005527019500732421, "crosses": 0.01324000358581543, "point": 0.0010527610778808595, "area": 0.10971460342407227, "to_crs": 0.010575675964355468, "geometry_type": 0.0005483627319335938, "convex_hull": 0.004030179977416992, "envelope_aggr": 0.0004911422729492188, "is_valid": 0.00456690788269043, "distance": 0.0016721725463867188, "overlaps": 0.011243200302124024, "union_aggr": 0.052482318878173825, "is_simple": 0.0043567180633544925, "intersection": 0.018967342376708985, "envelope": 0.08939495086669921, "geom_equals": 0.008633756637573242, "intersects": 0.010741662979125977, "make_valid": 0.004833126068115234, "hausdorff_distance": 0.003320646286010742, "simplify_preserve_topology": 0.0067441463470458984, "touches": 0.011255455017089844, "buffer": 0.2011402130126953}, "geopandas": {"within": 0.04444384574890137, "length": 0.0014575958251953126, "contains": 0.022003173828125, "centroid": 0.006674432754516601, "crosses": 0.07493486404418945, "area": 0.0015760898590087891, "to_crs": 0.06513018608093261, "geometry_type": 0.0007892131805419921, "convex_hull": 0.015965652465820313, "is_valid": 0.04310789108276367, "distance": 0.007614994049072265, "overlaps": 0.06783356666564941, "is_simple": 0.04024758338928223, "intersection": 0.1496739864349365, "envelope": 0.009232759475708008, "geom_equals": 0.004351377487182617, "intersects": 0.06843409538269044, "simplify_preserve_topology": 0.06360125541687012, "touches": 0.06812105178833008, "buffer": 0.2149502754211426}}, "10_4": {"arctern": {"within": 0.04423065185546875, "length": 0.10095548629760742, "contains": 0.04588828086853027, "geom_from_geojson": 0.03752179145812988, "to_wkt()": 0.032226276397705075, "polygon_from_envelope": 0.08507795333862304, "centroid": 0.024104833602905273, "curve_to_line": 0.835206937789917, "npoints": 0.003749179840087891, "crosses": 0.1148186206817627, "point": 0.00224456787109375, "area": 0.0972780704498291, "to_crs": 0.0299985408782959, "geometry_type": 0.0036746978759765623, "convex_hull": 0.03164229393005371, "envelope_aggr": 0.002639150619506836, "is_valid": 0.043421459197998044, "distance": 0.014435672760009765, "overlaps": 0.11158976554870606, "union_aggr": 0.5339077949523926, "is_simple": 0.03315119743347168,